{
  "display": {
    "icon": {
      "id": "minecraft:firework_rocket"
    },
    "title": "Por debajo del End",
    "description": "Vuela por debajo de la isla del End. Nota: prueba usando cohetes de fuegos artificiales, tan solo es una idea.",
    "frame": "challenge",
    "show_toast": true,
    "announce_to_chat": true,
    "hidden": false
  },
  "parent": "minecraft:end/elytra",
  "criteria": {
    "below_the_end": {
      "trigger": "minecraft:location",
      "conditions": {
        "player": [
          {
            "condition": "minecraft:entity_properties",
            "entity": "this",
            "predicate": {
              "location": {
                "position": {
                  "x": {
                    "min": -80,
                    "max": 80
                  },
                  "y": {
                    "min": -100,
                    "max": -15
                  },
                  "z": {
                    "min": -80,
                    "max": 80
                  }
                },
                "dimension": "minecraft:the_end"
              },
              "equipment": {
                "chest": {
                  "items": [
                    "minecraft:elytra"
                  ]
                }
              }
            }
          }
        ]
      }
    }
  },
  "rewards": {
    "experience": 100
  }
}
