{
  "display": {
    "icon": {
      "id": "minecraft:chorus_plant"
    },
    "title": "Volando entre islas",
    "description": "Descubre todos los biomas del End.",
    "frame": "goal",
    "show_toast": true,
    "announce_to_chat": true,
    "hidden": false
  },
  "parent": "minecraft:end/enter_end_gateway",
  "criteria": {
    "the_end": {
      "trigger": "minecraft:location",
      "conditions": {
        "player": {
          "location": {
            "biomes": "minecraft:the_end"
          }
        }
      }
    },
    "small_end_islands": {
      "trigger": "minecraft:location",
      "conditions": {
        "player": {
          "location": {
            "biomes": "minecraft:small_end_islands"
          }
        }
      }
    },
    "end_midlands": {
      "trigger": "minecraft:location",
      "conditions": {
        "player": {
          "location": {
            "biomes": "minecraft:end_midlands"
          }
        }
      }
    },
    "end_highlands": {
      "trigger": "minecraft:location",
      "conditions": {
        "player": {
          "location": {
            "biomes": "minecraft:end_highlands"
          }
        }
      }
    },
    "end_barrens": {
      "trigger": "minecraft:location",
      "conditions": {
        "player": {
          "location": {
            "biomes": "minecraft:end_barrens"
          }
        }
      }
    }
  }
}
