{
  "display": {
    "icon": {
      "id": "minecraft:netherite_sword"
    },
    "title": "El Zorro",
    "description": "Distrae un zorro con la mejor espada posible y ten algo de cuidado...",
    "frame": "challenge",
    "show_toast": true,
    "announce_to_chat": true,
    "hidden": false
  },
  "parent": "minecraft:husbandry/distract_fox",
  "criteria": {
    "fox_sword": {
      "trigger": "minecraft:thrown_item_picked_up_by_entity",
      "conditions": {
        "entity": {
          "type": "minecraft:fox"
        },
        "item": {
          "items": "minecraft:netherite_sword",
          "components": {
            "minecraft:enchantments": {
              "minecraft:sharpness": 5,
              "minecraft:sweeping_edge": 3,
              "minecraft:unbreaking": 3,
              "minecraft:mending": 1,
              "minecraft:looting": 3,
              "minecraft:fire_aspect": 2,
              "minecraft:knockback": 2
            }
          }
        }
      }
    }
  },
  "rewards": {
    "experience": 100
  }
}
