{
  "display": {
    "icon": {
      "id": "minecraft:goat_horn"
    },
    "title": "Es como el dueño",
    "description": "Atrapa una cabra gritona con una rienda.",
    "frame": "task",
    "show_toast": true,
    "announce_to_chat": true,
    "hidden": false
  },
  "parent": "minecraft:husbandry/tame_an_animal",
  "criteria": {
    "leash_a_screaming_goat": {
      "trigger": "minecraft:player_interacted_with_entity",
      "conditions": {
        "item": {
          "items": "minecraft:lead"
        },
        "entity": {
          "type": "minecraft:goat",
          "nbt": "{IsScreamingGoat:true}"
        }
      }
    }
  }
}
