{
  "display": {
    "icon": {
      "id": "minecraft:dark_oak_boat"
    },
    "title": "Respeto +",
    "description": "Métete en una barca y flota con un blaze.",
    "frame": "challenge",
    "show_toast": true,
    "announce_to_chat": true,
    "hidden": false
  },
  "parent": "minecraft:husbandry/ride_a_boat_with_a_shulker",
  "criteria": {
    "ride_a_boat_with_a_blaze": {
      "trigger": "minecraft:started_riding",
      "conditions": {
        "player": {
          "vehicle": {
            "type": "#minecraft:boat",
            "passenger": {
              "type": "minecraft:blaze"
            }
          }
        }
      }
    }
  },
  "rewards": {
    "experience": 50
  }
}
