{
  "display": {
    "icon": {
      "id": "minecraft:birch_boat"
    },
    "title": "Escape de la isla champiñón",
    "description": "Métete en una barca y flota con un mooshroom.",
    "frame": "goal",
    "show_toast": true,
    "announce_to_chat": true,
    "hidden": false
  },
  "parent": "minecraft:husbandry/ride_a_boat_with_a_bear",
  "criteria": {
    "ride_a_boat_with_a_mooshroom": {
      "trigger": "minecraft:started_riding",
      "conditions": {
        "player": {
          "vehicle": {
            "type": "#minecraft:boat",
            "passenger": {
              "type": "minecraft:mooshroom"
            }
          }
        }
      }
    }
  }
}
