{
  "display": {
    "icon": {
      "id": "minecraft:totem_of_undying"
    },
    "title": "Allay salve al rey",
    "description": "Haz que un allay suelte un tótem de inmortalidad sobre un bloque musical.",
    "frame": "challenge",
    "show_toast": true,
    "announce_to_chat": true,
    "hidden": false
  },
  "parent": "minecraft:husbandry/allay_deliver_item_to_player",
  "criteria": {
    "totem_allay": {
      "trigger": "minecraft:allay_drop_item_on_block",
      "conditions": {
        "location": [
          {
            "condition": "minecraft:match_tool",
            "predicate": {
              "items": "minecraft:totem_of_undying"
            }
          }
        ]
      }
    }
  },
  "rewards": {
    "experience": 50
  }
}
