{
  "display": {
    "icon": {
      "id": "minecraft:potion",
      "components": {
        "minecraft:potion_contents": {
          "potion": "minecraft:turtle_master"
        }
      }
    },
    "title": "Metamorfosis ovidiana",
    "description": "Elabora una poción de maestro tortuga. Nota: recuerda no usarla en tierra firme.",
    "frame": "challenge",
    "show_toast": true,
    "announce_to_chat": true,
    "hidden": false
  },
  "parent": "minecraft:husbandry/turtle_helmet",
  "criteria": {
    "turtle_master": {
      "trigger": "minecraft:brewed_potion",
      "conditions": {
        "potion": "minecraft:turtle_master"
      }
    },
    "long_turtle_master": {
      "trigger": "minecraft:brewed_potion",
      "conditions": {
        "potion": "minecraft:long_turtle_master"
      }
    },
    "strong_turtle_master": {
      "trigger": "minecraft:brewed_potion",
      "conditions": {
        "potion": "minecraft:strong_turtle_master"
      }
    }
  },
  "requirements": [
    [
      "turtle_master",
      "long_turtle_master",
      "strong_turtle_master"
    ]
  ],
  "rewards": {
    "experience": 50
  }
}
