{
  "display": {
    "icon": {
      "id": "minecraft:trident"
    },
    "title": "Milka",
    "description": "Golpea una mooshroom con un rayo.",
    "frame": "goal",
    "show_toast": true,
    "announce_to_chat": true,
    "hidden": false
  },
  "parent": "minecraft:adventure/throw_trident",
  "criteria": {
    "brown_mooshroom": {
      "trigger": "minecraft:channeled_lightning",
      "conditions": {
        "victims": [
          {
            "type": "minecraft:mooshroom"
          }
        ]
      }
    }
  }
}
