{
  "display": {
    "icon": {
      "id": "minecraft:creeper_head"
    },
    "title": "Camuflaje",
    "description": "Mata una criatura de cada tipo mientras usas su misma cabeza como casco.",
    "frame": "challenge",
    "show_toast": true,
    "announce_to_chat": true,
    "hidden": false
  },
  "parent": "minecraft:adventure/charged_creeper",
  "criteria": {
    "zombie_head": {
      "trigger": "minecraft:player_killed_entity",
      "conditions": {
        "player": {
          "equipment": {
            "head": {
              "items": "minecraft:zombie_head"
            }
          }
        },
        "entity": {
          "type": "minecraft:zombie"
        }
      }
    },
    "creeper_head": {
      "trigger": "minecraft:player_killed_entity",
      "conditions": {
        "player": {
          "equipment": {
            "head": {
              "items": "minecraft:creeper_head"
            }
          }
        },
        "entity": {
          "type": "minecraft:creeper"
        }
      }
    },
    "skeleton_skull": {
      "trigger": "minecraft:player_killed_entity",
      "conditions": {
        "player": {
          "equipment": {
            "head": {
              "items": "minecraft:skeleton_skull"
            }
          }
        },
        "entity": {
          "type": "minecraft:skeleton"
        }
      }
    },
    "wither_skeleton_skull": {
      "trigger": "minecraft:player_killed_entity",
      "conditions": {
        "player": {
          "equipment": {
            "head": {
              "items": "minecraft:wither_skeleton_skull"
            }
          }
        },
        "entity": {
          "type": "minecraft:wither_skeleton"
        }
      }
    },
    "dragon_head": {
      "trigger": "minecraft:player_killed_entity",
      "conditions": {
        "player": {
          "equipment": {
            "head": {
              "items": "minecraft:dragon_head"
            }
          }
        },
        "entity": {
          "type": "minecraft:ender_dragon"
        }
      }
    },
    "piglin_head": {
      "trigger": "minecraft:player_killed_entity",
      "conditions": {
        "player": {
          "equipment": {
            "head": {
              "items": "minecraft:piglin_head"
            }
          }
        },
        "entity": {
          "type": "minecraft:piglin"
        }
      }
    }
  },
  "rewards": {
    "experience": 50
  }
}
