{
  "display": {
    "icon": {
      "id": "minecraft:conduit"
    },
    "title": "Moskstraumen",
    "description": "Coloca un canalizador en una estructura válida.",
    "frame": "goal",
    "show_toast": true,
    "announce_to_chat": true,
    "hidden": false
  },
  "parent": "minecraft:adventure/loot_buried_treasure",
  "criteria": {
    "conduit": {
      "trigger": "minecraft:effects_changed",
      "conditions": {
        "effects": {
          "minecraft:conduit_power": {}
        }
      }
    }
  },
  "rewards": {}
}
