{
  "display": {
    "icon": {
      "id": "minecraft:firework_rocket"
    },
    "title": "Si salta, explota",
    "description": "Dispara al blanco de una diana desde al menos 50 metros de distancia con un cohete de fuegos artificiales.",
    "frame": "challenge",
    "show_toast": true,
    "announce_to_chat": true,
    "hidden": false
  },
  "parent": "minecraft:adventure/bullseye",
  "criteria": {
    "if_it_hops_it_explodes": {
      "trigger": "minecraft:target_hit",
      "conditions": {
        "projectile": {
          "type": "minecraft:firework_rocket"
        },
        "signal_strength": 10
      }
    }
  },
  "rewards": {
    "experience": 150
  }
}
