{
  "display": {
    "icon": {
      "id": "minecraft:trapped_chest"
    },
    "title": "Robando a la muerte",
    "description": "Saquea un cofre en una ciudad antigua.",
    "frame": "task",
    "show_toast": true,
    "announce_to_chat": true,
    "hidden": false
  },
  "parent": "minecraft:adventure/avoid_vibration",
  "criteria": {
    "loot_ancient_city": {
      "trigger": "minecraft:player_generates_container_loot",
      "conditions": {
        "loot_table": "minecraft:chests/ancient_city"
      }
    },
    "loot_ancient_city_ice_box": {
      "trigger": "minecraft:player_generates_container_loot",
      "conditions": {
        "loot_table": "minecraft:chests/ancient_city_ice_box"
      }
    }
  },
  "requirements": [
    [
      "loot_ancient_city",
      "loot_ancient_city_ice_box"
    ]
  ]
}
