{
  "display": {
    "icon": {
      "id": "minecraft:dark_oak_planks"
    },
    "title": "Hotel Transylvania",
    "description": "Adéntrate en una mansión del bosque oscuro.",
    "frame": "goal",
    "show_toast": true,
    "announce_to_chat": true,
    "hidden": false
  },
  "parent": "minecraft:adventure/treasure_hunter",
  "criteria": {
    "mansion": {
      "trigger": "minecraft:location",
      "conditions": {
        "player": {
          "location": {
            "structures": "minecraft:mansion"
          }
        }
      }
    }
  }
}
