{
  "display": {
    "icon": {
      "id": "minecraft:music_disc_5"
    },
    "title": "Ultrasonidos",
    "description": "Fabrica y escucha el disco de música 5 en una ciudad antigua.",
    "frame": "goal",
    "show_toast": true,
    "announce_to_chat": true,
    "hidden": false
  },
  "parent": "minecraft:adventure/avoid_vibration",
  "criteria": {
    "music_disc_5": {
      "trigger": "minecraft:item_used_on_block",
      "conditions": {
        "location": [
          {
            "condition": "minecraft:location_check",
            "predicate": {
              "structures": "minecraft:ancient_city",
              "block": {
                "blocks": [
                  "minecraft:jukebox"
                ]
              }
            }
          },
          {
            "condition": "minecraft:match_tool",
            "predicate": {
              "items": "minecraft:music_disc_5"
            }
          }
        ]
      }
    }
  }
}
