{
  "display": {
    "icon": {
      "id": "minecraft:eye_armor_trim_smithing_template"
    },
    "title": "Forjando con poder",
    "description": "Aplica estos moldes de herrería al menos una vez: sentinela, salvaje, costera, dunas, elevación, modelador, anfitrión, ojos.",
    "frame": "challenge",
    "show_toast": true,
    "announce_to_chat": true,
    "hidden": false
  },
  "parent": "minecraft:adventure/trim_with_any_armor_pattern",
  "criteria": {
    "sentry_armor_trim_smithing_template_smithing_trim": {
      "trigger": "minecraft:recipe_crafted",
      "conditions": {
        "recipe_id": "minecraft:sentry_armor_trim_smithing_template_smithing_trim"
      }
    },
    "wild_armor_trim_smithing_template_smithing_trim": {
      "trigger": "minecraft:recipe_crafted",
      "conditions": {
        "recipe_id": "minecraft:wild_armor_trim_smithing_template_smithing_trim"
      }
    },
    "coast_armor_trim_smithing_template_smithing_trim": {
      "trigger": "minecraft:recipe_crafted",
      "conditions": {
        "recipe_id": "minecraft:coast_armor_trim_smithing_template_smithing_trim"
      }
    },
    "dune_armor_trim_smithing_template_smithing_trim": {
      "trigger": "minecraft:recipe_crafted",
      "conditions": {
        "recipe_id": "minecraft:dune_armor_trim_smithing_template_smithing_trim"
      }
    },
    "raiser_armor_trim_smithing_template_smithing_trim": {
      "trigger": "minecraft:recipe_crafted",
      "conditions": {
        "recipe_id": "minecraft:raiser_armor_trim_smithing_template_smithing_trim"
      }
    },
    "shaper_armor_trim_smithing_template_smithing_trim": {
      "trigger": "minecraft:recipe_crafted",
      "conditions": {
        "recipe_id": "minecraft:shaper_armor_trim_smithing_template_smithing_trim"
      }
    },
    "host_armor_trim_smithing_template_smithing_trim": {
      "trigger": "minecraft:recipe_crafted",
      "conditions": {
        "recipe_id": "minecraft:host_armor_trim_smithing_template_smithing_trim"
      }
    },
    "eye_armor_trim_smithing_template_smithing_trim": {
      "trigger": "minecraft:recipe_crafted",
      "conditions": {
        "recipe_id": "minecraft:eye_armor_trim_smithing_template_smithing_trim"
      }
    }
  },
  "rewards": {
    "experience": 150
  }
}
