{
  "display": {
    "icon": {
      "id": "minecraft:lightning_rod"
    },
    "title": "Mamá, ¡soy la Torre Tesla!",
    "description": "Golpéate con un rayo estando encima de un pararrayos.",
    "frame": "challenge",
    "show_toast": true,
    "announce_to_chat": true,
    "hidden": false
  },
  "parent": "minecraft:adventure/lightning_rod_with_villager_no_fire",
  "criteria": {
    "strike_yourself": {
      "trigger": "minecraft:entity_hurt_player",
      "conditions": {
        "player": {
          "stepping_on": {
            "block": {
              "blocks": "minecraft:lightning_rod"
            }
          }
        },
        "damage": {
          "type": {
            "tags": [
              {
                "id": "minecraft:is_lightning",
                "expected": false
              }
            ]
          }
        }
      }
    }
  },
  "rewards": {
    "experience": 50
  }
}
