{
  "display": {
    "icon": {
      "id": "minecraft:diamond_leggings"
    },
    "title": "Echa un vistazo",
    "description": "Camina agachado cerca de un sensor de sculk o de un warden usando el encantamiento de sigilo veloz.",
    "frame": "goal",
    "show_toast": true,
    "announce_to_chat": true,
    "hidden": false
  },
  "parent": "minecraft:adventure/loot_ancient_city",
  "criteria": {
    "swift_sneak": {
      "trigger": "minecraft:avoid_vibration",
      "conditions": {
        "player": [
          {
            "condition": "minecraft:entity_properties",
            "entity": "this",
            "predicate": {
              "equipment": {
                "legs": {
                  "predicates": {
                    "minecraft:enchantments": [
                      {
                        "enchantments": "minecraft:swift_sneak"
                      }
                    ]
                  }
                }
              }
            }
          }
        ]
      }
    }
  }
}
