{
  "display": {
    "icon": {
      "id": "minecraft:emerald_block"
    },
    "title": "Vendedor universal",
    "description": "Comercia con un aldeano de cada bioma.",
    "frame": "challenge",
    "show_toast": true,
    "announce_to_chat": true,
    "hidden": false
  },
  "parent": "minecraft:adventure/trade_at_world_height",
  "criteria": {
    "plains_villager": {
      "trigger": "minecraft:villager_trade",
      "conditions": {
        "villager": {
          "nbt": "{VillagerData:{type:\"minecraft:plains\"}}"
        }
      }
    },
    "desert_villager": {
      "trigger": "minecraft:villager_trade",
      "conditions": {
        "villager": {
          "nbt": "{VillagerData:{type:\"minecraft:desert\"}}"
        }
      }
    },
    "savanna_villager": {
      "trigger": "minecraft:villager_trade",
      "conditions": {
        "villager": {
          "nbt": "{VillagerData:{type:\"minecraft:savanna\"}}"
        }
      }
    },
    "taiga_villager": {
      "trigger": "minecraft:villager_trade",
      "conditions": {
        "villager": {
          "nbt": "{VillagerData:{type:\"minecraft:taiga\"}}"
        }
      }
    },
    "snow_villager": {
      "trigger": "minecraft:villager_trade",
      "conditions": {
        "villager": {
          "nbt": "{VillagerData:{type:\"minecraft:snow\"}}"
        }
      }
    },
    "jungle_villager": {
      "trigger": "minecraft:villager_trade",
      "conditions": {
        "villager": {
          "nbt": "{VillagerData:{type:\"minecraft:jungle\"}}"
        }
      }
    },
    "swamp_villager": {
      "trigger": "minecraft:villager_trade",
      "conditions": {
        "villager": {
          "nbt": "{VillagerData:{type:\"minecraft:swamp\"}}"
        }
      }
    }
  },
  "rewards": {
    "experience": 500
  }
}
