{
  "display": {
    "icon": {
      "id": "minecraft:emerald_block"
    },
    "title": "Vendedor maestro",
    "description": "Comercia con un aldeano de cada oficio al nivel maestro.",
    "frame": "challenge",
    "show_toast": true,
    "announce_to_chat": true,
    "hidden": false
  },
  "parent": "minecraft:adventure/trade_at_world_height",
  "criteria": {
    "armorer_villager": {
      "trigger": "minecraft:villager_trade",
      "conditions": {
        "villager": {
          "nbt": "{VillagerData:{profession:\"minecraft:armorer\", level: 5}}"
        }
      }
    },
    "butcher_villager": {
      "trigger": "minecraft:villager_trade",
      "conditions": {
        "villager": {
          "nbt": "{VillagerData:{profession:\"minecraft:butcher\", level: 5}}"
        }
      }
    },
    "cartographer_villager": {
      "trigger": "minecraft:villager_trade",
      "conditions": {
        "villager": {
          "nbt": "{VillagerData:{profession:\"minecraft:cartographer\", level: 5}}"
        }
      }
    },
    "cleric_villager": {
      "trigger": "minecraft:villager_trade",
      "conditions": {
        "villager": {
          "nbt": "{VillagerData:{profession:\"minecraft:cleric\", level: 5}}"
        }
      }
    },
    "farmer_villager": {
      "trigger": "minecraft:villager_trade",
      "conditions": {
        "villager": {
          "nbt": "{VillagerData:{profession:\"minecraft:farmer\", level: 5}}"
        }
      }
    },
    "fisherman_villager": {
      "trigger": "minecraft:villager_trade",
      "conditions": {
        "villager": {
          "nbt": "{VillagerData:{profession:\"minecraft:fisherman\", level: 5}}"
        }
      }
    },
    "fletcher_villager": {
      "trigger": "minecraft:villager_trade",
      "conditions": {
        "villager": {
          "nbt": "{VillagerData:{profession:\"minecraft:fletcher\", level: 5}}"
        }
      }
    },
    "leatherworker_villager": {
      "trigger": "minecraft:villager_trade",
      "conditions": {
        "villager": {
          "nbt": "{VillagerData:{profession:\"minecraft:leatherworker\", level: 5}}"
        }
      }
    },
    "mason_villager": {
      "trigger": "minecraft:villager_trade",
      "conditions": {
        "villager": {
          "nbt": "{VillagerData:{profession:\"minecraft:mason\", level: 5}}"
        }
      }
    },
    "shepherd_villager": {
      "trigger": "minecraft:villager_trade",
      "conditions": {
        "villager": {
          "nbt": "{VillagerData:{profession:\"minecraft:shepherd\", level: 5}}"
        }
      }
    },
    "toolsmith_villager": {
      "trigger": "minecraft:villager_trade",
      "conditions": {
        "villager": {
          "nbt": "{VillagerData:{profession:\"minecraft:toolsmith\", level: 5}}"
        }
      }
    },
    "weaponsmith_villager": {
      "trigger": "minecraft:villager_trade",
      "conditions": {
        "villager": {
          "nbt": "{VillagerData:{profession:\"minecraft:weaponsmith\", level: 5}}"
        }
      }
    }
  },
  "rewards": {
    "experience": 500
  }
}
