{
  "display": {
    "icon": {
      "id": "minecraft:dark_oak_planks"
    },
    "title": "¿Todo bien por aquí?, ¿todo correcto?",
    "description": "Comercia con un aldeano al nivel maestro en una mansión.",
    "frame": "challenge",
    "show_toast": true,
    "announce_to_chat": true,
    "hidden": false
  },
  "parent": "minecraft:adventure/mansion",
  "criteria": {
    "trade_in_a_mansion": {
      "trigger": "minecraft:villager_trade",
      "conditions": {
        "player": [
          {
            "condition": "minecraft:entity_properties",
            "entity": "this",
            "predicate": {
              "location": {
                "structures": "minecraft:mansion"
              }
            }
          }
        ],
        "villager": [
          {
            "condition": "minecraft:entity_properties",
            "entity": "this",
            "predicate": {
              "nbt": "{VillagerData:{level:5}}",
              "location": {
                "structures": "minecraft:mansion"
              }
            }
          }
        ]
      }
    }
  },
  "rewards": {
    "experience": 100
  }
}
