{
  "display": {
    "icon": {
      "id": "minecraft:filled_map",
      "components": {
        "minecraft:map_color": 3830373
      }
    },
    "title": "Cazarrecompensas",
    "description": "Comercia un mapa con un aldeano cartógrafo.",
    "frame": "task",
    "show_toast": true,
    "announce_to_chat": true,
    "hidden": false
  },
  "parent": "minecraft:adventure/trade",
  "criteria": {
    "mansion": {
      "trigger": "minecraft:villager_trade",
      "conditions": {
        "item": {
          "items": "minecraft:filled_map",
          "components": {
            "minecraft:map_color": 3830373
          }
        }
      }
    },
    "monument": {
      "trigger": "minecraft:villager_trade",
      "conditions": {
        "item": {
          "items": "minecraft:filled_map",
          "components": {
            "minecraft:map_color": 5393476
          }
        }
      }
    },
    "trial_chambers": {
      "trigger": "minecraft:villager_trade",
      "conditions": {
        "item": {
          "items": "minecraft:filled_map",
          "components": {
            "minecraft:map_color": 12741452
          }
        }
      }
    }
  },
  "requirements": [
    [
      "mansion",
      "monument",
      "trial_chambers"
    ]
  ]
}
