{
  "display": {
    "icon": {
      "id": "minecraft:golden_helmet"
    },
    "title": "Entre nosotros",
    "description": "Mata un piglin con una ballesta mietras usas una armadura completa de oro.",
    "frame": "task",
    "show_toast": true,
    "announce_to_chat": true,
    "hidden": false
  },
  "parent": "minecraft:nether/distract_piglin",
  "criteria": {
    "among_us": {
      "trigger": "minecraft:player_killed_entity",
      "conditions": {
        "player": {
          "equipment": {
            "head": {
              "items": "minecraft:golden_helmet"
            },
            "chest": {
              "items": "minecraft:golden_chestplate"
            },
            "legs": {
              "items": "minecraft:golden_leggings"
            },
            "feet": {
              "items": "minecraft:golden_boots"
            }
          }
        },
        "entity": {
          "type": "minecraft:piglin"
        }
      }
    }
  }
}
