{
  "display": {
    "icon": {
      "id": "minecraft:potion",
      "components": {
        "minecraft:potion_contents": {
          "potion": "minecraft:awkward"
        }
      }
    },
    "title": "Sabe raro...",
    "description": "Consume una poción rara.",
    "frame": "challenge",
    "show_toast": true,
    "announce_to_chat": true,
    "hidden": true
  },
  "parent": "minecraft:nether/zoglin",
  "criteria": {
    "awkward_potion": {
      "trigger": "minecraft:consume_item",
      "conditions": {
        "item": {
          "items": "minecraft:potion",
          "components": {
            "minecraft:potion_contents": {
              "potion": "minecraft:awkward"
            }
          }
        }
      }
    }
  },
  "rewards": {
    "experience": 50
  }
}
