{
  "display": {
    "icon": {
      "id": "minecraft:gold_nugget"
    },
    "title": "Demon Hunter",
    "description": "Mata una criatura de cada tipo que habita el Nether.",
    "frame": "challenge",
    "show_toast": true,
    "announce_to_chat": true,
    "hidden": false
  },
  "parent": "minecraft:nether/among_us",
  "criteria": {
    "blaze": {
      "trigger": "minecraft:player_killed_entity",
      "conditions": {
        "entity": {
          "type": "minecraft:blaze",
          "location": {
            "dimension": "minecraft:the_nether"
          }
        }
      }
    },
    "ghast": {
      "trigger": "minecraft:player_killed_entity",
      "conditions": {
        "entity": {
          "type": "minecraft:ghast",
          "location": {
            "dimension": "minecraft:the_nether"
          }
        }
      }
    },
    "zombified_piglin": {
      "trigger": "minecraft:player_killed_entity",
      "conditions": {
        "entity": {
          "type": "minecraft:zombified_piglin",
          "location": {
            "dimension": "minecraft:the_nether"
          }
        }
      }
    },
    "wither_skeleton": {
      "trigger": "minecraft:player_killed_entity",
      "conditions": {
        "entity": {
          "type": "minecraft:wither_skeleton",
          "location": {
            "dimension": "minecraft:the_nether"
          }
        }
      }
    },
    "strider": {
      "trigger": "minecraft:player_killed_entity",
      "conditions": {
        "entity": {
          "type": "minecraft:strider",
          "location": {
            "dimension": "minecraft:the_nether"
          }
        }
      }
    },
    "piglin": {
      "trigger": "minecraft:player_killed_entity",
      "conditions": {
        "entity": {
          "type": "minecraft:piglin",
          "location": {
            "dimension": "minecraft:the_nether"
          }
        }
      }
    },
    "piglin_brute": {
      "trigger": "minecraft:player_killed_entity",
      "conditions": {
        "entity": {
          "type": "minecraft:piglin_brute",
          "location": {
            "dimension": "minecraft:the_nether"
          }
        }
      }
    },
    "magma_cube": {
      "trigger": "minecraft:player_killed_entity",
      "conditions": {
        "entity": {
          "type": "minecraft:magma_cube",
          "location": {
            "dimension": "minecraft:the_nether"
          }
        }
      }
    },
    "hoglin": {
      "trigger": "minecraft:player_killed_entity",
      "conditions": {
        "entity": {
          "type": "minecraft:hoglin",
          "location": {
            "dimension": "minecraft:the_nether"
          }
        }
      }
    }
  },
  "rewards": {
    "experience": 50
  }
}
