{
  "display": {
    "icon": {
      "id": "minecraft:ender_chest"
    },
    "title": "Cofre con jet-lag",
    "description": "Fabrica un cofre de ender, es como un inventario omnipresente.",
    "frame": "task",
    "show_toast": true,
    "announce_to_chat": true,
    "hidden": false
  },
  "parent": "minecraft:nether/obtain_blaze_rod",
  "criteria": {
    "ender_chest": {
      "trigger": "minecraft:inventory_changed",
      "conditions": {
        "items": [
          {
            "items": "minecraft:ender_chest"
          }
        ]
      }
    }
  }
}
