{
  "display": {
    "icon": {
      "id": "minecraft:music_disc_pigstep"
    },
    "title": "¡Ritmo caliente!",
    "description": "Encuentra y escucha el disco de música Pigstep.",
    "frame": "goal",
    "show_toast": true,
    "announce_to_chat": true,
    "hidden": false
  },
  "parent": "minecraft:nether/loot_bastion",
  "criteria": {
    "music_disc_pigstep": {
      "trigger": "minecraft:item_used_on_block",
      "conditions": {
        "location": [
          {
            "condition": "minecraft:block_state_property",
            "block": "minecraft:jukebox",
            "properties": {}
          },
          {
            "condition": "minecraft:match_tool",
            "predicate": {
              "items": "minecraft:music_disc_pigstep"
            }
          }
        ]
      }
    }
  }
}
