{
  "display": {
    "icon": {
      "id": "minecraft:netherite_axe"
    },
    "title": "Hombre de hojalata",
    "description": "Consigue todo el conjunto de la armadura y de las herramientas de netherita.",
    "frame": "challenge",
    "show_toast": true,
    "announce_to_chat": true,
    "hidden": false
  },
  "parent": "minecraft:nether/netherite_armor",
  "criteria": {
    "netherite_man": {
      "trigger": "minecraft:inventory_changed",
      "conditions": {
        "items": [
          {
            "items": "minecraft:netherite_helmet"
          },
          {
            "items": "minecraft:netherite_chestplate"
          },
          {
            "items": "minecraft:netherite_leggings"
          },
          {
            "items": "minecraft:netherite_boots"
          },
          {
            "items": "minecraft:netherite_sword"
          },
          {
            "items": "minecraft:netherite_pickaxe"
          },
          {
            "items": "minecraft:netherite_axe"
          },
          {
            "items": "minecraft:netherite_shovel"
          },
          {
            "items": "minecraft:netherite_hoe"
          }
        ]
      }
    }
  },
  "rewards": {
    "experience": 150
  }
}
