{
  "display": {
    "icon": {
      "id": "minecraft:spectral_arrow"
    },
    "title": "Forjado con almas",
    "description": "Dispárale una flecha espectral a algo.",
    "frame": "task",
    "show_toast": true,
    "announce_to_chat": true,
    "hidden": false
  },
  "parent": "minecraft:nether/glowstone_dust",
  "criteria": {
    "spectral_arrow": {
      "trigger": "minecraft:player_hurt_entity",
      "conditions": {
        "damage": {
          "type": {
            "direct_entity": {
              "type": "minecraft:spectral_arrow"
            }
          }
        }
      }
    }
  }
}
