{
  "display": {
    "icon": {
      "id": "minecraft:filled_map"
    },
    "title": "Viajero del tiempo",
    "description": "Usa el Nether para recorrer 15 km en el mundo superior.",
    "frame": "challenge",
    "show_toast": true,
    "announce_to_chat": true,
    "hidden": false
  },
  "parent": "minecraft:nether/fast_travel",
  "criteria": {
    "super_fast_travel": {
      "trigger": "minecraft:nether_travel",
      "conditions": {
        "distance": {
          "horizontal": {
            "min": 15000
          }
        }
      }
    }
  },
  "rewards": {
    "experience": 150
  }
}
