{
  "display": {
    "icon": {
      "id": "minecraft:suspicious_stew"
    },
    "title": "Sospechoso",
    "description": "Come un estofado sospechoso preparado con una rosa del Wither.",
    "frame": "challenge",
    "show_toast": true,
    "announce_to_chat": true,
    "hidden": false
  },
  "parent": "minecraft:nether/wither_rose",
  "criteria": {
    "suspicious_stew": {
      "trigger": "minecraft:consume_item",
      "conditions": {
        "item": {
          "items": "minecraft:suspicious_stew",
          "components": {
            "minecraft:suspicious_stew_effects": [
              {
                "id": "minecraft:wither",
                "duration": 240
              }
            ]
          }
        }
      }
    }
  },
  "rewards": {
    "experience": 50
  }
}
