{
  "display": {
    "icon": {
      "id": "minecraft:magma_cream"
    },
    "title": "Permaneciendo helado",
    "description": "Nada en lava mientras tienes el efecto de cuerpo ignífugo.",
    "frame": "task",
    "show_toast": true,
    "announce_to_chat": true,
    "hidden": false
  },
  "parent": "minecraft:nether/obtain_blaze_rod",
  "criteria": {
    "swim_in_lava": {
      "trigger": "minecraft:location",
      "conditions": {
        "player": {
          "location": {
            "fluid": {
              "fluids": "#minecraft:lava"
            }
          },
          "effects": {
            "minecraft:fire_resistance": {}
          }
        }
      }
    }
  }
}
