{
  "display": {
    "icon": {
      "id": "minecraft:wither_rose"
    },
    "title": "Zarzas venenosas",
    "description": "Consigue una rosa del Wither.",
    "frame": "task",
    "show_toast": true,
    "announce_to_chat": true,
    "hidden": false
  },
  "parent": "minecraft:nether/summon_wither",
  "criteria": {
    "wither_rose": {
      "trigger": "minecraft:inventory_changed",
      "conditions": {
        "items": [
          {
            "items": "minecraft:wither_rose"
          }
        ]
      }
    }
  }
}
