{
  "display": {
    "icon": {
      "id": "minecraft:rotten_flesh"
    },
    "title": "Ups, efectos colaterales",
    "description": "Lleva un hoglin a la superficie, espera a que se zombifique y... mátalo con pociones de curación arrojadizas.",
    "frame": "goal",
    "show_toast": true,
    "announce_to_chat": true,
    "hidden": false
  },
  "parent": "minecraft:nether/nether_wart",
  "criteria": {
    "healing": {
      "trigger": "minecraft:player_killed_entity",
      "conditions": {
        "entity": {
          "type": "minecraft:zoglin"
        },
        "killing_blow": {
          "direct_entity": {
            "type": "minecraft:potion",
            "nbt": "{Item:{components:{\"minecraft:potion_contents\":{potion:\"minecraft:healing\"}},count:1,id:\"minecraft:splash_potion\"}}"
          }
        }
      }
    },
    "strong_healing": {
      "trigger": "minecraft:player_killed_entity",
      "conditions": {
        "entity": {
          "type": "minecraft:zoglin"
        },
        "killing_blow": {
          "direct_entity": {
            "type": "minecraft:potion",
            "nbt": "{Item:{components:{\"minecraft:potion_contents\":{potion:\"minecraft:strong_healing\"}},count:1,id:\"minecraft:splash_potion\"}}"
          }
        }
      }
    }
  },
  "requirements": [
    [
      "healing",
      "strong_healing"
    ]
  ]
}
